video_id,channelTitle,title,description,tags,publishedAt,viewCount,likeCount,commentCount,duration,definition,durationSecs,dayPublished,tagCount
hY3B_sTrqeg,Be Kind Rewind,Why Myrna Loy Never Got an Oscar Nomination | Always Second Best Actress,"Start speaking a new language in 3 weeks with Babbel! Get up to 65% OFF your subscription HERE: https://go.babbel.com/12m65-youtube-bekindrewind-apr-2022/default 

In this video I talk about Myrna Loy: the very strange start to her career, why she was called ""the perfect wife,"" and why she was never nominated for an Oscar. 

The Best Years of Our Lives: https://www.youtube.com/watch?v=YiPbcX26nr4 (also streaming on Amazon Prime)

Libeled Lady (a favorite of mine) is streaming on HBO Max

The Black Watch is streaming on the Criterion Channel

Check your local listings for TCM re: the Thin Man movies, they show those all the time

The Thin Man Goes Home: https://www.youtube.com/watch?v=TT7PeXVlPMU 

Shadow of the Thin Man: https://www.youtube.com/watch?v=8pwQ3VxFUuk 

If This Be Sin: https://www.youtube.com/watch?v=eftmy89xVGk 

The Barbarian: https://www.youtube.com/watch?v=C3egPUy4Cg0 

Vanity Fair: https://www.youtube.com/watch?v=fWwUICVzLTg 

The Red Pony: https://www.youtube.com/watch?v=i3U4IQI85Q8 

Topaze: https://www.youtube.com/watch?v=yvS1zJ0erTA 

Bette Davis Oscar Video: https://www.youtube.com/watch?v=1aCgkHVUOgE&t=457s 

Luise Rainer Oscar Video: https://www.youtube.com/watch?v=YFcJlFy53B4&t=3s 

Thank you to Spencer Glesby for the help!

Thank you to my Patrons! Find me on Patreon/social at:

https://www.patreon.com/bkrewind
twitter.com/bkrewind
instagram.com/bk_rewind

Music from Epidemic Sound",,2022-04-26 22:50:32+00:00,61398,3829,489,PT37M14S,hd,2234,Tuesday,0
_pFUv9Cneuw,Be Kind Rewind,Miyoshi Umeki: The First East Asian Woman to Win an Acting Oscar,"Get a whole month of great cinema FREE on MUBI: https://mubi.com/bekindrewind

Lee Grant's DOWN AND OUT IN AMERICA is now streaming on MUBI in the US and Canada

In this video I talk about Miyoshi Umeki - the first East Asian woman to win an acting Oscar!

Sayonara is currently streaming on Tubi and Amazon Prime

The Donna Reed Show is currently streaming on Tubi

Flowing is currently streaming on the Criterion Channel

Watch Flower Drum Song here: https://www.youtube.com/watch?v=cOj7mjFTAGQ

Watch Peyton Place here: https://www.youtube.com/watch?v=2WYjo-Wrd2w

Miyoshi Umeki singing: 
Spotify playlist: https://open.spotify.com/playlist/2GVEkWWf06au2MfxqIdMcg?si=76fd5dc5d9f847ab
https://www.youtube.com/watch?v=9r8slsfL0cw
https://www.youtube.com/watch?v=if_3PfaJB68 

Thank you to my Patrons! Find me on Patreon/social at:

patreon.com/bkrewind
twitter.com/bkrewind
instagram.com/bk_rewind

Music from Epidemic Sound",,2022-04-01 01:04:17+00:00,63564,4052,320,PT28M37S,hd,1717,Friday,0
Fnr0-hBYwlg,Be Kind Rewind,Ruth Gordon's Unique and Defiant Journey to Oscar,"Get a whole month of great cinema FREE on MUBI: https://mubi.com/bekindrewind

In this video I talk about the resilience of Ruth Gordon and her Oscar win for Rosemary's Baby in 1969! 

Read Ruth Gordon's books for free online:
An Open Book: https://archive.org/details/ruthgordonopenbo00gord
Myself Among Others: https://archive.org/details/myselfamongother0000unse 

Watch some of Ruth's Movies:
Rosemary's Baby is streaming on Hulu
Inside Daisy Clover is streaming on HBO Max
Adam's Rib is streaming on HBO Max
Edge of Darkness: https://www.youtube.com/watch?v=Mk8p45qlzUc
Lord Love a Duck: https://www.youtube.com/watch?v=lYXSdXD34Vs
A Double Life: https://www.youtube.com/watch?v=24C6vASJWaU

Just leaving this here: https://twitter.com/Portrait_Movie/status/1233540586688282624",,2022-02-20 19:14:30+00:00,90493,4684,449,PT27M31S,hd,1651,Sunday,0
lBPdwnFj_c8,Be Kind Rewind,The Making of Marilyn Monroe's Very Meta Last Film,"Get a whole month of great cinema FREE on MUBI: https://mubi.com/bekindrewind

In this video I talk about how The Misfits dissects, subverts, and mirrors Marilyn’s star persona, some of those behind-the-scenes-scandals, and why The Misfits is the strangest, most foreboding meta-commentary on her career that exists.

Thank you to my Patrons! Find me on Patreon/social at:

patreon.com/bkrewind
twitter.com/bkrewind
instagram.com/bk_rewind

Music from Epidemic Sound",,2022-01-31 22:08:03+00:00,174652,8124,866,PT36M47S,hd,2207,Monday,0
G8yPPQqahv0,Be Kind Rewind,Why Tallulah Bankhead Never Became a Movie Star,"Go to https://NordVPN.com/bekindrewind  to get a 2-year plan at a huge discount plus 1 month free. It’s risk free with Nord’s 30 day money-back guarantee!

In this video I take a look at Tallulah Bankhead's film career: why it never took off and why she never needed it to!

The Cheat: https://www.youtube.com/watch?v=JmlM4zyLH98
Tarnished Lady: https://www.youtube.com/watch?v=LGT_zGDmwWA
My Sin: https://www.youtube.com/watch?v=30QGgc_jUyk 
Devil and the Deep: https://www.youtube.com/watch?v=RcpzwAHCfas 

Lifeboat is currently streaming on the Criterion Channel


Thank you to my Patrons! Find me on Patreon/social at:

patreon.com/bkrewind
twitter.com/bkrewind
instagram.com/bk_rewind

Music from Epidemic Sound",,2022-01-17 22:01:34+00:00,273118,9100,917,PT51M53S,hd,3113,Monday,0
vwGsNPHvghU,Be Kind Rewind,Comparing the film versions of West Side Story,"Start speaking a new language in 3 weeks with Babbel. Get up to 65% OFF your  subscription ➡ Here: https://go.babbel.com/12m65-youtube-bekindrewind-dec-2021/default 

In this video I talk about how the 1961 film version of West Side Story differs from the 2021 version. 

Here's more about Rita Moreno: https://www.youtube.com/watch?v=eLEFmVC1VJc 

Here's more about that Audrey Hepburn situation: https://www.youtube.com/watch?v=unqQM3nuO-o

Thank you to my Patrons! Find me on Patreon/social at:

patreon.com/bkrewind
twitter.com/bkrewind
instagram.com/bk_rewind

Music from Epidemic Sound",,2021-12-21 02:32:20+00:00,270581,10647,1635,PT41M36S,hd,2496,Tuesday,0
CuBu28jal60,Be Kind Rewind,12 Days of Actress ft. your favorite YouTubers,"Holiday Deal! Go to https://NordVPN.com/bekindrewind  to get a 2-year plan at a huge discount plus 1 month free. It’s risk free with Nord’s 30 day money-back guarantee!

This holiday season, I asked some of my favorite YouTubers to recommend a great performance in a movie they love. Here's what they had to say!

Here's this list on Letterboxd: https://letterboxd.com/bkrewind/list/12-days-of-actress/

Check out my contributors' channels if you haven't already! I promise you'll have a good time.

Mina Le:
https://www.youtube.com/c/minale99
Watch What's Up, Doc? on HBO Max

Jaymes Mansfield:
https://www.youtube.com/c/JaymesMansfield
Watch Suspiria on Tubi: https://tubitv.com/movies/326260/suspiria?start=true&utm_source=google-feed&tracking=google-feed 

Melina Pendulum aka Princess Weekes:
https://www.youtube.com/c/MelinaPendulum
Watch Batman on HBO Max

Matt Baume: 
https://www.youtube.com/c/MattBaume
Watch West Side Story on Hulu

ModernGurlz:
https://www.youtube.com/c/ModernGurlz
Watch Attack! on Amazon Prime

The Armchair Auteur:
https://www.youtube.com/c/TheArmchairAuteur
Watch Jackie Brown on Hulu and HBO Max

Yhara Zayd:
https://www.youtube.com/c/Yharazayd
Watch Eve's Bayou on HBO Max

Eyebrow Cinema:
https://www.youtube.com/c/EyebrowCinema
Watch Summer Interlude on The Criterion Channel

Rowan Ellis:
https://www.youtube.com/c/RowanEllisVideos
Watch Scream on Pluto, Amazon/Paramount+

Cold Crash Pictures:
https://www.youtube.com/user/coldcrashpictures
Watch with Amazon Prime Premium subscription

Broey Deschanel:
https://www.youtube.com/c/BroeyDeschanel 
Watch Deathtrap: https://ok.ru/video/1043470944948 

and then there's ME!
Watch La Ceremonie on The Criterion Channel 

Here are the 25 Days of Actress videos from last year:
https://www.youtube.com/watch?v=kdGr5A7CtJg&list=PLyaBHDKIn8HHjeltjBDguMbnlhNBU7aAc

Thank you to my Patrons! Find me on Patreon/social at:

patreon.com/bkrewind
twitter.com/bkrewind
instagram.com/bk_rewind

Music from Epidemic Sound",,2021-12-12 16:22:20+00:00,49836,3483,413,PT39M54S,hd,2394,Sunday,0
6BVb2mGcXxE,Be Kind Rewind,Lee Grant Overcame the Blacklist and Won an Oscar,"Try Sundance Now free for 30 days by going to http://SundanceNow.com and use promo code bkrewind

In this video I talk about the career of Lee Grant: how she was blacklisted, how she got off the list, and how it shaped both her art and her world view. 

Watch the TVTV Oscars Doc: https://mediaburn.org/video/tvtv-looks-at-the-academy-awards-2/ 

Watch The Landlord: https://www.youtube.com/watch?v=_BZncZK9qk4 

Watch Valley of the Dolls: https://www.youtube.com/watch?v=rbzuxcxpirU 

Watch The Neon Ceiling: https://www.youtube.com/watch?v=4lETdpRBlc0 

What is McCarthyism? https://www.youtube.com/watch?v=N35IugBYH04 

Read Red Channels: https://babel.hathitrust.org/cgi/pt?id=uc1.31822043022086&view=1up&seq=7&skin=2021 

Shampoo is currently streaming on Showtime

In the Heat of the Night is currently streaming on Cinemax and DirectTV

Thank you to my Patrons! Find me on Patreon/social at:

https://www.patreon.com/bkrewind
twitter: bkrewind
instagram: bk_rewind
tiktok: bkrewind",,2021-11-30 00:51:21+00:00,95383,5104,543,PT35M6S,hd,2106,Tuesday,0
DfuR620pLog,Be Kind Rewind,Comparing The Addams Family Sitcom and 90s Movies,"To try Shudder free for 30 days, go to https://www.shudder.com/ and use promo code bekindrewind!

In this video, I take a look at why The Addams Family was called “television’s answer to whatever you don’t like about the 20th century” and think about what that means in the 1960s vs. 1990s. 

Why no Lily Munster? By History Tea Time with Lindsay Holiday: https://www.youtube.com/watch?v=An15ZHGBtnc 

Some Addams Family episodes are on YouTube (you can also stream the whole series if you have Amazon Prime through IMDB). Here’s the first episode: https://www.youtube.com/watch?v=HQlB4jSy-3Q 

Stream seasons 5 & 6 of Bewitched for free on Tubi 

Stream seasons 2-4 of I Dream of Jeannie for free on Tubi

Thank you to my Patrons! Find me on Patreon/social at:

patreon.com/bkrewind
twitter.com/bkrewind
instagram.com/bk_rewind

Music from Epidemic Sound",,2021-10-28 00:41:22+00:00,234864,15290,985,PT29M43S,hd,1783,Thursday,0
26kzCQ6SbxE,Be Kind Rewind,Why Deborah Kerr Never Won an Oscar | Always Second Best Actress,"Go to https://nordpass.com/bekindrewind and use code bekindrewind to get 50% off a 2 year NordPass Premium plan plus 4 free months!

In this video, I dive deep into the career of Deborah Kerr. I talk about her ladylike persona, why it’s not quite as ladylike as you might think, the timing of her fame, and why she tends to be overlooked as a celebrity.

The Criterion Channel is currently streaming a ton of Deborah Kerr videos so make sure you check them out. 

Here are a few of her movies on YouTube:

Black Narcissus (my favorite): https://www.youtube.com/watch?v=sQA5fGkiBk8
The Innocents: https://www.youtube.com/watch?v=-0P4yNjMUvA
The Life and Death of Colonel Blimp: https://www.youtube.com/watch?v=kkQGZdgJcRo
Prudence and the Pill: https://www.youtube.com/watch?v=zEnud5ALbYA
The Naked Edge: https://www.youtube.com/watch?v=-0hOYI4ugic

Thank you to my Patrons! Find me on Patreon/social at:

patreon.com/bkrewind
twitter.com/bkrewind
Tik Tok: bkrewind
instagram.com/bk_rewind

Music from Epidemic Sound",,2021-09-30 21:35:19+00:00,205365,7264,1007,PT43M31S,hd,2611,Thursday,0
0Gs-l6yHKHY,Be Kind Rewind,How Breakfast at Tiffany's Turned into a Totally Different Movie | Adapting a Classic,"Get a month of great cinema free on MUBI: https://mubi.com/bekindrewind
With the support of Creative Europe – MEDIA Programme of the European Union

In this video I talk about the film adaptation of Breakfast at Tiffany’s and why it’s so different from the book (which is maybe better? TBD). 

Here’s a PDF of Breakfast at Tiffany’s if you’d like to read it for yourself. It’s short! https://www.pf.jcu.cz/stru/katedry/aj/doc/sukdolova/Truman_Capote_-_Breakfast_At_Tiffanys.pdf 

The Many Lives of Mr. Yunioshi by Melissa Phruksachart: https://www.academia.edu/36063391/The_Many_Lives_of_Mr._Yunioshi_Yellowface_and_the_Queer_Buzz_of_Breakfast_at_Tiffanys 

#OscarsSoWhite From Anna May Wong to Awkwafina: https://www.youtube.com/watch?v=8mmcvgd8XF0 

Audrey Hepburn’s Oscar Win: https://www.youtube.com/watch?v=SBWaQUabpus 

Thank you to my Patrons! Find me on Patreon/social at:

patreon.com/bkrewind
twitter.com/bkrewind
instagram.com/bk_rewind

Music from Epidemic Sound",,2021-08-31 23:06:33+00:00,217477,9654,1411,PT36M50S,hd,2210,Tuesday,0
INHP-Vahb3k,Be Kind Rewind,When Classic Film Actors Guest Star on Sitcoms,"Get a month of great cinema free on MUBI: https://mubi.com/bekindrewind
With the support of Creative Europe – MEDIA Programme of the European Union

In this video, I talk about the various ways classic film actors guest starred on sitcoms: how the shows used their personas, how fame is used as a plot device, and how they represent nostalgia. 

If you’re interested in some of the shows I talk about, here’s where they’re streaming:

Here’s Lucy - Amazon Prime
The Nanny - HBO Max, Tubi
A Different World - Amazon Prime
I Love Lucy - Paramount+
The Golden Girls - Hulu
Friends - HBO Max
That Girl - Amazon Prime
One Day at a Time - Netflix

The Mr. Ed episode with Mae West: https://www.dailymotion.com/video/x60lelo 
The Beverly Hillbillies episode with Gloria Swanson: https://www.dailymotion.com/video/x6p88ud 

Thank you to my Patrons! Find me on Patreon/social at:

patreon.com/bkrewind
twitter.com/bkrewind
instagram.com/bk_rewind

Music from Epidemic Sound",,2021-07-31 23:53:52+00:00,122526,6064,655,PT27M11S,hd,1631,Saturday,0
mEWWxAVthyA,Be Kind Rewind,Vivien Leigh and the Adaptation of 'A Streetcar Named Desire' | 1952,"Go to https://NordVPN.com/bekindrewind and use code BEKINDREWIND to get a 2-year plan at a huge discount plus a free bonus. It’s risk free with Nord’s 30 day money-back guarantee! 

In 1951, Vivien Leigh won her second Best Actress Oscar for playing Blanche DuBois in A Streetcar Named Desire. In this video I look at some of the challenges posed by adapting that play for the screen and how she acted alongside the cast of the original Broadway production. 

Here's my video about Vivien Leigh and Gone with the Wind: https://www.youtube.com/watch?v=MuP1T0m0OZ4 

Thank you to my Patrons! Find me on Patreon/social at:

patreon.com/bkrewind
twitter.com/bkrewind
instagram.com/bk_rewind

Music from Epidemic Sound",,2021-06-30 23:02:04+00:00,121023,6564,807,PT23M48S,hd,1428,Wednesday,0
ll6i1ePh2Cs,Be Kind Rewind,How Madonna References Classic Films,"The first 1,000 people to use this link will get a 1 month free trial of Skillshare: https://skl.sh/bekindrewind06211

In this video, we take a look at how Madonna uses classic film references to comment on politics, sexuality, and her star persona. 

Thank you to Sydney Urbanek for her excellent writing and encyclopedic Madonna knowledge. 

Check out her work here: 
https://sydurbanek.ghost.io/
https://muckrack.com/sydney-urbanek 
https://twitter.com/sydurbanek 

Most of Madonna’s tours are on YouTube. Here are a few:
Blond Ambition: https://www.youtube.com/watch?v=CpzdVuMR-4Q 
Who’s That Girl: https://www.youtube.com/watch?v=MWocCYNpI9o 

Weimar Berlin Documentary: https://www.youtube.com/watch?v=UUdTQZ7tA2c 

Thank you to my Patrons! Find me on Patreon/social at:

patreon.com/bkrewind
twitter.com/bkrewind
instagram.com/bk_rewind

Music from Epidemic Sound",,2021-06-21 23:35:31+00:00,148939,10653,1376,PT36M19S,hd,2179,Monday,0
eAi8-vqslVU,Be Kind Rewind,Politics and the Star Persona of Katharine Hepburn,"The first 1000 people to use this link will get 30% off an annual Skillshare Premium https://skl.sh/bekindrewind05211

In this video I take a look at how Katharine Hepburn’s real life beliefs and behaviors made their way into her star persona. 

Thank you to Spencer Glesby for your help!

Thank you to my Patrons! Find me on Patreon/social at:

patreon.com/bkrewind
twitter.com/bkrewind
instagram.com/bk_rewind

Ginger Rogers/KH/Philadelphia Story video: https://www.youtube.com/watch?v=HkKTllMa2_M 

You Must Remember This on KH and HUAC  http://www.youmustrememberthispodcast.com/episodes/2016/2/26/the-african-queen-humphrey-bogart-katharine-hepburn-and-john-huston 

KH’s Anti-HUAC speech 1947: https://www.youtube.com/watch?v=KN5q0Am_-e8 

MANK video about 1934 Election: https://www.youtube.com/watch?v=-eOb4cI-Pbo&t=17s 

KH on Dick Cavett: https://www.youtube.com/watch?v=8y631paPoPA 

Music from Epidemic Sound",,2021-05-14 23:20:19+00:00,143015,6925,663,PT27M51S,hd,1671,Friday,0
QxCV_OJxJtE,Be Kind Rewind,Chloé Zhao's Oscar Win: Moment or Movement?,"Go to https://NordVPN.com/bekindrewind and use code BEKINDREWIND to get a 2-year plan plus 1 additional month with a huge discount. It’s risk free with Nord’s 30 day money-back guarantee!

In this video I talk about some of the common threads that connect (or don’t) the 7 women who have been nominated for the Best Director Oscar. 

Thank you to Maria San Filippo for your time and expertise!
Learn more about her work and buy her excellent books here: https://www.emerson.edu/faculty-staff-directory/maria-san-filippo 

Broey Deschanel’s video on Marie Antoinette: https://www.youtube.com/watch?v=65lUqc_fCig

The USC Annenberg Inclusion Initiative: https://annenberg.usc.edu/research/aii

Center for the Study of Women in Television and Film: https://womenintvfilm.sdsu.edu/research/ 

Geena Davis Institute: https://seejane.org/

Thank you to my Patrons! Find me on Patreon/social at:

patreon.com/bkrewind
twitter.com/bkrewind
instagram.com/bk_rewind

Music from Epidemic Sound",,2021-04-29 00:59:23+00:00,88771,5417,785,PT21M54S,hd,1314,Thursday,0
ItXexAOS-TE,Be Kind Rewind,The Top 10 Film Performances of 2020,"The first 1000 people to use the link will get a free trial of Skillshare Premium Membership: https://skl.sh/bekindrewind04211 

I made a list of the performances I liked the most in 2020! I hope, if you haven't seen some of these, that this encourages you to check them out. I left links/streaming locations for everything below. Be sure to let me know if you think my taste is garbage.

The Nest: rent on Youtube for $3.99

Da 5 Bloods: streaming on Netflix

Minari: rent on major platforms for $20.00

Sound of Metal: streaming on Amazon Prime

The 40 Year Old Version: streaming on Netflix

Never Rarely Sometimes Always: streaming on HBO Max

Judas and the Black Messiah: rent on major platforms for $20.00

Black Bear: streaming on Spectrum, rent on major platforms for $3.99

Miss Juneteenth: Streaming on Kanopy (free) and BET+

Review by Angelica Jade Bastièn: https://www.vulture.com/article/miss-juneteenth-is-a-gently-beautiful-film-worth-celebrating.html

Nomadland: streaming on Hulu

THANK YOU to my Patrons!

patreon.com/bkrewind
twitter.com/bkrewind
instagram.com/bk_rewind

Music from Epidemic Sound",,2021-04-09 00:32:51+00:00,64040,3744,627,PT21M55S,hd,1315,Friday,0
eLEFmVC1VJc,Be Kind Rewind,"Rita Moreno and Overcoming ""Otherness"" | #OscarssoWhite","The first 1000 people to use the link will get a free trial of Skillshare Premium Membership: https://skl.sh/bekindrewind03211 

ARTICLES:

For more on Latinas in the silent era, check out “The Complicated Colorism of Latina Actresses in Film”: https://zora.medium.com/the-complicated-colorism-of-latina-actresses-in-film-10db4fab5e4f

Latinx/e/os discourse:

https://www.washingtonpost.com/outlook/latinx-latinos-unpopular-gender-term/2020/12/18/bf177c5c-3b41-11eb-9276-ae0ca72729be_story.html

https://www.motherjones.com/media/2019/06/digging-into-the-messy-history-of-latinx-helped-me-embrace-my-complex-identity/ 

https://www.pewresearch.org/hispanic/2020/08/11/about-one-in-four-u-s-hispanics-have-heard-of-latinx-but-just-3-use-it/

https://remezcla.com/culture/latinx-latine-comic/ 

Latino vs. Hispanic: https://www.pewresearch.org/fact-tank/2020/09/15/who-is-hispanic/ 

Untitled Latinx Project: https://untitledlatinxproject.com/la-letter 

MOVIES:

The Ring: https://www.youtube.com/watch?v=4WTiaMY8WSM

This Rebel Breed: https://www.youtube.com/watch?v=LwfvIUA7G2Q 

Bird of Paradise: https://www.youtube.com/watch?v=O4MOU5YRc7c 

La Otra: https://www.youtube.com/watch?v=s-Sk0Y6MbSU 

Dante’s Inferno: https://www.youtube.com/watch?v=Y2VkUJC_hWE 

Island in the Sun: https://www.youtube.com/watch?v=eYPD1twzYmM 

West Side Story streaming on Hulu

Rita Moreno and the Muppets: https://www.youtube.com/watch?v=VoIZQh1IjI8

CREDITS

THANK YOU to my Patrons!
Check out the perks and become a patron at: https://www.patreon.com/bkrewind​

twitter: bkrewind
instagram: bk_rewind

Music from Epidemic Sound",,2021-03-20 16:27:40+00:00,151622,8209,1370,PT33M34S,hd,2014,Saturday,0
jb-C4fcn2E0,Be Kind Rewind,Mommie Dearest and the Legacies of Faye Dunaway and Joan Crawford (ft. Lypsinka),"Go to https://NordVPN.com/bekindrewind and use code BEKINDREWIND to get a 2-year plan plus 1 additional month with a huge discount. It’s risk free with Nord’s 30 day money-back guarantee!

Thank you to John Epperson and Spencer Glesby for helping make this video possible.

Check out Lypsinka's work here: https://www.youtube.com/user/TheLypsinka1
and here: https://www.lypsinka.com/

Video on Faye Dunaway: https://www.youtube.com/watch?v=VS47n0R0ZEQ
Video on Joan Crawford: https://www.youtube.com/watch?v=x1b1HkWF5VA

Mommie Dearest is currently streaming on Amazon Prime

THANK YOU to my Patrons!
Check out the perks and become a patron at: www.patreon.com/bkrewind​

twitter: bkrewind
instagram: bk_rewind
Music from Epidemic Sound",,2021-02-27 00:03:59+00:00,1131213,26508,4889,PT51M,hd,3060,Saturday,0
JUEKREh9VUg,Be Kind Rewind,An Underrated Marlene Dietrich Movie for the End Times :),"The first 1000 people to use the link will get a free trial of Skillshare Premium Membership: https://skl.sh/bekindrewind02211

In this video I dive deep into the themes and production history of Billy Wilder's underrated classic, A Foreign Affair. It's a weird movie, and I'm obsessed with it. 

THANK YOU to my Patrons!
Check out the perks and become a patron at: https://www.patreon.com/bkrewind

twitter: bkrewind
instagram: bk_rewind
Music from Epidemic Sound",,2021-02-02 00:00:05+00:00,69661,4115,566,PT20M29S,hd,1229,Tuesday,0
VS47n0R0ZEQ,Be Kind Rewind,Faye Dunaway's Dangerous Women | Best Actress 1977,"The first 1000 people to use the link will get a free trial of Skillshare Premium Membership: https://skl.sh/bekindrewind01211 

In this video I talk about Faye Dunaway's Oscar win, Liv Ullmann, and why Network is an interesting movie in 2021. 

THANK YOU to my Patrons!

patreon.com/bkrewind
twitter.com/bkrewind
instagram.com/bk_rewind

Music from Epidemic Sound",,2021-01-13 01:00:07+00:00,117757,5612,753,PT19M59S,hd,1199,Wednesday,0
#NAME?,Be Kind Rewind,Everything You Need to Know About Mank,"Special Holiday deal! Go to https://NordVPN.com/bekindrewind and use code BEKINDREWIND to get 68% off a 2 year plan plus 4 additional months free. It’s risk free with Nord’s 30 day money-back guarantee!

In this video, I talk about David Fincher’s newest film, Mank!

FULL MOVIES:
Blondie of the Follies: https://ok.ru/video/1245978692276 
The Patsy: https://ok.ru/video/713396718170
RKO 281: https://www.youtube.com/watch?v=t-oVB3xwpnk 

More on that Pauline Kael sitch: https://www.youtube.com/watch?v=tnB8DscXraw

THANK YOU to my Patrons!

patreon.com/bkrewind
twitter.com/bkrewind
instagram.com/bk_rewind

Music from Epidemic Sound",,2020-12-20 17:00:00+00:00,131771,4536,496,PT35M27S,hd,2127,Sunday,0
twM9gL4xsRA,Be Kind Rewind,25 Days of Actress | The Final Installment,"Welcome to part 3 of 25 Days of Actress! 25 performances by 25 actresses…25 things to watch for Holiday Content Scrooges like me. 

Part 1: https://www.youtube.com/watch?v=kdGr5A7CtJg
Part 2: https://www.youtube.com/watch?v=6l8NOYdTXAI

Barbarella: Stream on Amazon Prime
Central Station: https://ok.ru/video/1556830423750 
Carmen Jones: https://ok.ru/video/882040441378
The Devil and Miss Jones: https://ok.ru/video/271425735331
Pandora's Box: Streaming on Criterion (HD), HBO Max (HD), https://www.youtube.com/watch?v=kVP-RpqA7Hw

Brewster McCloud: rent on major platforms $3.99
Salón México: https://www.youtube.com/watch?v=jL-pVcEsgh4
Waiting for Guffman: rent on major platforms $2.99
In the Mood for Love: Streaming on HBO Max, Criterion, Kanopy
Meet Me in St. Louis: Streaming on HBO Max

THANK YOU to my Patrons!

patreon.com/bkrewind
twitter.com/bkrewind
instagram.com/bk_rewind

Music from Epidemic Sound",,2020-12-16 17:00:22+00:00,51684,3483,453,PT18M37S,hd,1117,Wednesday,0
6l8NOYdTXAI,Be Kind Rewind,25 Days of Actress | Days 6-15,"Welcome to part 2 of 25 Days of Actress! 25 performances by 25 actresses…25 things to watch for Holiday Content Scrooges like me. 

(My mic broke in the middle of this so if it sounds weird at parts, that’s why…SRY)

FULL MOVIES :

The Blue Angel (pls watch the German one if you can, it’s better): 
Streaming free on Kanopy
Free on YouTube in German/Portuguese ST: https://www.youtube.com/watch?v=-x3RtYYNagU
Rent on Amazon for $1.99: https://www.amazon.com/gp/video/detail/amzn1.dv.gti.cab34f00-eb87-1be8-e8c3-90e598995bea?autoplay=1&ref_=atv_cf_strg_wb

Uptight: https://www.youtube.com/watch?v=gam5QLZaYlk

Women on the Verge of a Nervous Breakdown: https://ok.ru/video/1735742130886 (you can also rent for $2.99 on Amazon which might be better because this print is ehhh)

Random Harvest: https://ok.ru/video/984948476435

Desperate Living: Rent on major platforms!

Design for Living: https://ok.ru/video/274784389795 

Foxy Brown: https://ok.ru/video/200515193590 

The Garden of Women: Streaming on the Criterion Channel

Strange Days: https://ok.ru/video/297764850302 

Desert Hearts: Streaming on Hulu, HBO Max, Amazon Prime, Criterion

THANK YOU to my Patrons!

patreon.com/bkrewind
twitter.com/bkrewind
instagram.com/bk_rewind

Music from Epidemic Sound",,2020-12-06 17:25:23+00:00,58194,3117,333,PT24M23S,hd,1463,Sunday,0
kdGr5A7CtJg,Be Kind Rewind,Your New December Watchlist: 25 Days of Actress,"Welcome to 25 Days of Actress! 25 performances by 25 actresses…25 things to watch instead of the same Christmas movie over and over (sorry). 

FULL MOVIES :

Written on the Wind: https://www.youtube.com/watch?v=0Q7bMQeiswk  

The Big City: https://www.youtube.com/watch?v=ZTFY3R-9Ab8 

A New Leaf: https://ok.ru/video/1750889728710
Rent on YT: https://www.youtube.com/watch?v=hrh7YNPTG5A 

Salt of the Earth: https://www.youtube.com/watch?v=FE1oKQCwwo4 

Libeled Lady: HBO Max, rent on major platforms, https://ok.ru/video/265042987683 

THANK YOU to my Patrons!

patreon.com/bkrewind
twitter.com/bkrewind
instagram.com/bk_rewind

Music from Epidemic Sound",,2020-12-01 19:21:55+00:00,71043,5263,619,PT16M2S,hd,962,Tuesday,0
m1ZZXW9fkLQ,Be Kind Rewind,How Ingrid Bergman Became Hollywood's Exile,"The first 1000 people to use the link will get a free trial of Skillshare Premium Membership: https://skl.sh/bekindrewind11201

In this video I talk about how America treated Ingrid Bergman horribly and why is she one of the most unique stars of classic Hollywood. Enjoy! 

THANK YOU to my Patrons!

patreon.com/bkrewind
twitter.com/bkrewind
instagram.com/bk_rewind

Music from Epidemic Sound
Research asst: Spencer Glesby

FULL MOVIES :
Journey to Italy: https://www.youtube.com/watch?v=CJ9e0ReGwy8
Intermezzo: https://www.youtube.com/watch?v=C-Rm56JirdQ
Spellbound: https://www.youtube.com/watch?v=Qku4jtvtay8
Under Capricorn: https://www.youtube.com/watch?v=E7lE-aFIzCU
Goodbye Again: https://www.youtube.com/watch?v=YZSnDa92jNM",,2020-11-19 20:59:36+00:00,248567,10949,975,PT29M33S,hd,1773,Thursday,0
7AT5QInh-r4,Be Kind Rewind,Actresses Who Direct: Barbra Streisand and Ida Lupino,"In this video I talk about two actresses who became directors: Ida Lupino and Barbra Streisand. I’ll explore how they became directors as well as the gendered experiences that affected both their leadership styles on-set and the ways in which their work was received. 

Did you know that through December 1, Turner Classic Movies is launching TCM Presents Women Make Film each Tuesday evening beginning at 8PM ET. It all centers around the U.S. TV Premiere of Mark Cousins’ 14-part docuseries, Women Make Film: A New Road Movie Through Cinema. They will also be airing 100 classic and contemporary films by women from around the globe. Learn more about Women Make Film here: https://bit.ly/3jeUiqJ
 
Subscribe to Turner Classic Movies channel: https://bit.ly/32Edw45

THANK YOU to my Patrons! 

https://www.patreon.com/bkrewind 
twitter.com/bkrewind 
instagram.com/bk_rewind 

Music from Epidemic Sound

Full Films: 

Outrage: https://www.youtube.com/watch?v=FCRemHI0usY 
Never Fear: https://www.youtube.com/watch?v=RRjMjX2xwIg
Not Wanted: https://www.youtube.com/watch?v=qmlMWqRKokk
The Hitch Hiker: https://www.youtube.com/watch?v=XIeFKTbg3Aw
Hard, Fast, and Beautiful (the title of this film is ridiculous…obviously she didn’t choose it, Howard Hughes did): https://www.youtube.com/watch?v=BZGqcNAnawM
The Bigamist (the first time an actress directed herself in a major US film): https://www.youtube.com/watch?v=c9SxWhURBYA

Road House (which Ida did not direct, but she’s in it so a good intro if she’s new to you): https://www.youtube.com/watch?v=b0uw0DZs7bs",,2020-10-28 20:00:28+00:00,104985,6038,642,PT31M9S,hd,1869,Wednesday,0
VgryC22O3xw,Be Kind Rewind,Q&A with BKR: On Classic Films and the Channel!,"Took some time off so I don't have a new video for you yet...but here is an underwhelming attempt at serving content anyway!

DON'T FORGET TO VOTE. go to vote.gov for more information. 

Movies: https://letterboxd.com/bkrewind/list/bkrs-current-100/

THANK YOU to my Patrons! 
patreon.com/bkrewind
twitter.com/bkrewind
instagram.com/bk_rewind",,2020-10-02 18:43:56+00:00,49722,4912,906,PT21M22S,hd,1282,Friday,0
SBWaQUabpus,Be Kind Rewind,Why Audrey Hepburn Won Best Actress for Roman Holiday  | 1954,"In this video I talk about Audrey Hepburn’s debut performance in Roman Holiday, the Oscar race of 1953, how the press received this brand new star, and the parts of Audrey’s story that are often overlooked. 

THANK YOU to my Patrons! 

patreon.com/bkrewind
twitter.com/bkrewind
instagram.com/bk_rewind

Music from Epidemic Sound

Dutch Girl by Robert Matzen: https://www.indiebound.org/book/9781982623081

Full Films: 

The Moon is Blue: https://archive.org/details/MoonIsBlue

Lili: https://archive.org/details/LiliOldFilm

Roman Holiday is streaming on Amazon Prime!",,2020-08-31 18:07:06+00:00,270553,12803,1050,PT18M17S,hd,1097,Monday,0
Q11MGI6L8mo,Be Kind Rewind,Why THE HELP?,"'The Help' trended in Netflix's Top 10 in the wake of recent protests. I took a look at 'The Help' and films like it to understand how Hollywood packages racism as entertainment and why the industry is...not good at it. 

Full Films:

Uptight: https://www.youtube.com/watch?v=gam5QLZaYlk
Pinky: https://www.youtube.com/watch?v=P6X-uCP_1c0
The Intruder: https://www.youtube.com/watch?v=LMLBxJICfCI
The Quiet Ones: https://www.youtube.com/watch?v=h5c5Ny9n9UE&t=897s

Raquel Gates’s NYT Op-Ed: https://www.nytimes.com/2020/07/17/opinion/black-film-movies-racism.html?smid=tw-share
Armchair Auteur: https://www.youtube.com/watch?v=AWcIW23UJeI
John Oliver:  https://www.youtube.com/watch?v=hsxukOPEdgg

THANK YOU to my Patrons! 

patreon.com/bkrewind
twitter.com/bkrewind
instagram.com/bk_rewind
Music from Epidemic Sound",,2020-08-07 15:41:52+00:00,191604,10616,1232,PT21M38S,hd,1298,Friday,0
lWYISEEl2dI,Be Kind Rewind,The Feud of Bette Davis and Joan Crawford | 1963: Pt. 2,"In this video, I take a look at Bette Davis and Joan Crawford's relationship (or lack thereof) and its implications on the 1963 Best Actress race. I also give Ryan Murphy's Feud a ""big ol' mess"" out of 10, and make the case for realistically portraying the feud in the future. 

Part 1: https://www.youtube.com/watch?v=URwdDUt6pCA&t=1s

Olivia de Havilland vs. FX shirts here! 100% of proceeds go to the Okra Project to combat food insecurity of the Black trans/GNC community: https://www.bonfire.com/bekindrewind/

THANK YOU to my Patrons! 

patreon.com/bkrewind
twitter.com/bkrewind
instagram.com/bk_rewind

Music from Epidemic Sound",,2020-07-05 14:27:01+00:00,1158232,20953,2520,PT49M15S,hd,2955,Sunday,0
URwdDUt6pCA,Be Kind Rewind,Joan Crawford Accepts Anne Bancroft’s Oscar | 1963: Pt. 1,"In 1963, Joan Crawford accepted Anne Bancroft’s Oscar in her absence…which apparently made Bette Davis really angry. That usually becomes the story when people talk about this year, so in this video, I’m going to talk about Anne Bancroft’s journey to her Oscar. My next video will dive into Bette and Joan’s alleged feud, culminating in this night. So…SmAsH tHaT BeLL fOR NoTiFIcAtiOnS!!!

THANK YOU to my Patrons! 

patreon.com/bkrewind
twitter.com/bkrewind
instagram.com/bk_rewind

Music from Epidemic Sound",,2020-06-13 15:43:49+00:00,290445,10385,1058,PT21M2S,hd,1262,Saturday,0
wYwufGqkDP4,Be Kind Rewind,Movie Recs | What to Watch with Mrs. America,"I've really liked Mrs. America and pretty much devised a film course about it on accident. 

Letterboxd: https://letterboxd.com/bkrewind/list/what-to-watch-with-mrs-america/

Jeanne Dielman
rent: https://www.amazon.com/Dielman-Commerce-Bruxelles-English-Subtitled/dp/B071DWQP75
stream: Criterion Collection

Chisholm ’72
rent: http://www.youtube.com/watch?v=Oz8d5PWe5c8
stream: Amazon Prime

9 to 5
rent: http://www.youtube.com/watch?v=_mlI_lBikPI
stream: Hulu (with Starz), Sling

Born in Flames
rent: https://itunes.apple.com/us/movie/born-in-flames/id1338045912
stream: Amazon Prime

Claudine
rent: https://www.amazon.com/Claudine-Diahann-Carroll/dp/B00007AJG2

The Watermelon Woman
rent: http://www.youtube.com/watch?v=ZDI9e0qNQ-Q
stream: Amazon Prime

One Sings, the Other Doesn’t
rent: https://www.amazon.com/Sings-Other-Doesnt-Thérèse-Liotard/dp/B06ZZ1MPJ4
stream: Criterion Collection

THANK YOU to my Patrons! And special thanks to Cody Love.

patreon.com/bkrewind
twitter.com/bkrewind
instagram.com/bk_rewind

Music from Epidemic Sound",,2020-05-19 16:57:22+00:00,96933,4992,544,PT22M41S,hd,1361,Tuesday,0
-5SRVg9CQFM,Be Kind Rewind,The United States of Toni,"Toni Collette is one of the most critically acclaimed and beloved actresses working today. Though not necessarily a household name or an awards favorite, she has demonstrated fluency in multiple genres, accents, and character types that few actors could match. In this video I break down how!

Fandor: https://www.youtube.com/watch?v=vHKnLoXICTg

THANK YOU to my Patrons! And special thanks to Cody Love.

patreon.com/bkrewind
twitter.com/bkrewind
instagram.com/bk_rewind

Music from Epidemic Sound",['Toni Collette'],2020-04-26 14:30:34+00:00,180328,11528,1465,PT16M13S,hd,973,Sunday,1
8mmcvgd8XF0,Be Kind Rewind,#OscarsSoWhite: From Anna May Wong to Awkwafina,"Go to https://NordVPN.com/bekindrewind or use code BEKINDREWIND to get 70% off a 3 year plan plus 1 additional month free. 

The story of Asian and Asian American women in the acting categories at the Oscars is one of absence. In this video I give a basic overview of the barriers these women have faced in casting and how America's geopolitical relationship with Asian countries has affected hyphenate identity in media. 

THANK YOU to my Patrons! And special thanks to Annie Wang and Cody Love.

patreon.com/bkrewind
twitter.com/bkrewind
instagram.com/bk_rewind

Music from Epidemic Sound",,2020-03-24 21:51:09+00:00,209234,11179,1664,PT21M10S,hd,1270,Tuesday,0
pyprnJ8WCtA,Be Kind Rewind,Jessica Lange: From Kong to Blue Sky | 1995,"Jessica Lange overcame a ""dumb-but-pretty"" stereotype from 1976's Kong to become one of the most revered actresses of the 1980s. In 1995, she won her second Oscar for a film that might never have been released. In this video, I tell that story and take a look at a year that was somewhat underwhelming for women in film. 

THANK YOU to my Patrons!
patreon.com/bkrewind
twitter.com/bkrewind
instagram.com/bk_rewind

Music from Epidemic Sound","['Jessica Lange', 'Best Actress Oscar']",2020-02-17 15:40:12+00:00,171263,6712,784,PT19M57S,hd,1197,Monday,2
cg2pUhHf46U,Be Kind Rewind,Women and the Oscars: What Is Going On?,"Thank you Skillshare for sponsoring this video. Get two months free here: https://skl.sh/bekindrewind2

In this video, I try to understand why so few female protagonists and no female directors managed to make it to the final round at the Oscars this year. Long story short, we have a long way to go before we reach equality.

THANK YOU to my Patrons!
patreon.com/bkrewind
twitter.com/bkrewind
instagram.com/bk_rewind

Music from Epidemic Sound",,2020-01-14 19:20:24+00:00,278933,14946,2204,PT12M32S,hd,752,Tuesday,0
nJGZoecSmrA,Be Kind Rewind,Comparing Every Version of Little Women,"In this video, I take a look at the American major motion picture adaptations of Little Women to understand how they have changed over time (this is me acknowledging that I'm not *actually* comparing every version of Little Women). How does a 150 year old text remain relevant? And how have different filmmakers found new ways to tell this story?

THANK YOU to my Patrons!
patreon.com/bkrewind
twitter.com/bkrewind
instagram.com/bk_rewind

Music from Epidemic Sound

This video used a number of great references. Among them:

The Afterlife of ""Little Women"" by Beverly Lyon Clark: https://books.google.com/books?id=fXSbBQAAQBAJ&dq=katharine+hepburn+little+women+feminism&source=gbs_navlinks_s&redir_esc=y

Little Women and the Feminist Imagination by Janice M. Alberghene and Beverly Lyon Clark: https://books.google.com/books/about/Little_Women_and_the_Feminist_Imaginatio.html?id=1eTPG_UXEbgC&redir_esc=y

A Feminist Romance: Adapting Little Women to the Screen by Karen Hollinger and Teresa Winterhalter (this is available on JSTOR)",['little women'],2019-12-26 18:00:09+00:00,1211742,33953,3742,PT24M43S,hd,1483,Thursday,1
L3DdzN6Ji7M,Be Kind Rewind,Anna Magnani and Authenticity | 1956,"Thank you Skillshare for sponsoring this video. Get two months free here: https://skl.sh/bekindrewind

Anna Magnani broke Hollywood’s traditional notion of stardom by devoting herself to authenticity. In 1956, she became the first Italian actress to win the Best Actress Academy Award for her performance in The Rose Tattoo. In this video I discuss why!

Montage of Gaga saying she's Italian is here: https://www.youtube.com/watch?v=UjcEUsArMps

THANK YOU to my Patrons!
patreon.com/bkrewind
twitter.com/bkrewind
instagram.com/bk_rewind

Music from Epidemic Sound","['Anna Magnani', 'The Rose Tattoo', 'Academy Awards', 'Best Actress', 'Oscars', 'Rome Open City', '1955', '1956', 'Katharine Hepburn', 'Summertime', 'Susan Hayward', ""I'll Cry Tomorrow"", 'Love is a many-splendored thing', 'Jennifer Jones', 'Eleanor Parker', 'Interrupted Melody', 'Tennessee Williams', 'Roberto Rossellini']",2019-11-25 19:02:22+00:00,126382,5708,634,PT16M45S,hd,1005,Monday,18
QbCW_Kwfhcs,Be Kind Rewind,Sissy Spacek and The Biopic | 1981,"Sissy Spacek won an Oscar for playing Loretta Lynn in a biopic - a genre that is growing in popularity. In this video I break down the history of the genre and how it can affect an actor's career. 

THANK YOU to my Patrons!
patreon.com/bkrewind
twitter.com/bkrewind
instagram.com/bk_rewind

Music from Epidemic Sound","['sissy spacek', ""coal miner's daughter"", 'loretta lynn', 'mary tyler moore', 'ordinary people', 'goldie hawn', 'private benjamin', 'ellen burstyn', 'resurrection', 'gloria', 'gena rowlands', 'john cassavetes', 'academy awards', 'best actress', 'oscars', 'best actress oscar', 'biopic', '1980', '1981']",2019-11-02 14:00:03+00:00,207188,6301,724,PT21M24S,hd,1284,Saturday,19
l_oo6zFdPLc,Be Kind Rewind,The JUDY Companion,"Part review, part history, part script doctor, fully me stanning. 

THANK YOU to all of my patrons. You can find me on Patreon here: https://www.patreon.com/bkrewind

Twitter: bkrewind

Music: Epidemic Sound

Great Judy Stuff:
Old Man River: https://www.youtube.com/watch?v=5g4wnWILwSI
Happy Days: https://www.youtube.com/watch?v=zFVxX3RtyhQ&t=18s
Man That Got Away: https://www.youtube.com/watch?v=UzyPMRo8ZUQ
By Myself: https://www.youtube.com/watch?v=U8E9zU42cdo
Tom The Piper's Son: https://www.youtube.com/watch?v=G_aAREfKf70
How About You: https://www.youtube.com/watch?v=4JlXV_XrWiA
Barn Dance: https://www.youtube.com/watch?v=mEVS7opoyI4
A Great Lady Has an Interview: https://www.youtube.com/watch?v=gchF_zzmOjk","['Judy Garland', 'Judy', 'Renee Zellweger', 'Review', 'A Star is born', 'the wizard of oz', 'mickey rooney', 'lily mars', 'the harvey girls', 'judy movie', 'mgm', 'judy garland video essay']",2019-10-05 13:31:11+00:00,449746,13695,1543,PT19M21S,hd,1161,Saturday,12
z4GvecFjLkU,Be Kind Rewind,Nicole Kidman and the Weinstein Nominees | 2003,"In 2003, 3 of the 5 Best Actress nominees all made films with Miramax. All three had different experiences. In this video I talk about Nicole Kidman's journey to Virginia Woolf in The Hours, how Harvey Weinstein affected the race, and what we can learn from this year today. 

Here is Salma Hayek's op-ed: https://www.nytimes.com/interactive/2017/12/13/opinion/contributors/salma-hayek-harvey-weinstein.html

THANK YOU to all of my patrons. You can find me on Patreon here: https://www.patreon.com/bkrewind","['Nicole Kidman', 'Best Actress Oscar', 'Academy Awards', 'The Hours', 'Chicago', 'Renee Zellweger', 'Salma Hayek', 'Frida', 'Harvey Weinstein', '2003']",2019-09-22 19:00:56+00:00,1412620,21277,3133,PT21M38S,hd,1298,Sunday,10
nv2qgL3fGZo,Be Kind Rewind,"Geraldine Page Wins an Oscar, The Color Purple Doesn't","In 1986, Geraldine Page won an Oscar after having lost 7 times. Meanwhile Whoopi Goldberg had a breakout role in the Color Purple. In this video I talk about what happened. 

Music from Epidemic Sound. 

Whoopi Interview in full and courtesy of: https://www.youtube.com/watch?v=GXoLfTGmPGg

Find me on Twitter @bkrewind

THANK YOU to all of my patrons. You can find me on Patreon here: https://www.patreon.com/bkrewind","['whoopi goldberg', 'geraldine page', 'oscars', 'academy awards', '1986', 'anne bancroft', 'jane fonda', 'the color purple', 'best actress', 'the trip to bountiful', 'steven spielberg', 'jessica lange', 'meryl streep', 'out of africa']",2019-08-25 21:13:25+00:00,374479,8340,2063,PT18M23S,hd,1103,Sunday,14
MuP1T0m0OZ4,Be Kind Rewind,Casting Scarlett O'Hara & Vivien Leigh's Oscar,"80 years ago, Gone With The Wind took America by storm...with Vivien Leigh leading the charge. Her performance is considered one of the greatest in film history, but so much had to happen for her to get that role. In this video, I talk about the notoriously extensive process of casting Scarlett O'Hara and why Vivien Leigh's Oscar was so well deserved. 

Music from Epidemic Sound. 

Find me on Twitter @bkrewind

THANK YOU to all of my patrons. You can find me on Patreon here: https://www.patreon.com/bkrewind","[""scarlett o'hara"", 'vivien leigh', 'gone with the wind', '1939', 'oscar', 'best actress oscar', 'casting', ""scarlett o'hara auditions"", 'clark gable', 'bette davis', 'jezebel', 'love affair', 'irene dunne', 'ninotchka', 'greta garbo', 'academy awards', 'david o. selznick', 'laurence olivier', 'rhett butler', 'greer garson', 'paulette goddard', 'tallulah bankhead', 'lana turner', 'miriam hopkins', 'hattie mcdaniel']",2019-07-31 18:40:22+00:00,943599,18303,2446,PT22M14S,hd,1334,Wednesday,25
Gt3FoBI0lwA,Be Kind Rewind,Sandra Bullock and The Blind Side's White Savior Problem,"When reviewing The Blind Side for the Telegraph, Sukhdev Sandu wrote “Just because the story is true doesn’t make it real.” Director John Lee Hancock chose to frame the film about a black teen who became a football star around his white benefactors, and in doing so may have actually contributed to Sandra Bullock’s Oscar win in 2010 for Best Actress. In this video, I show you how. 

For more information on white savior films, read  Matthew Hughey’s book: https://www.amazon.com/White-Savior-Film-Content-Consumption/dp/1439910014

Or Erin Ash’s article about The Blind Side: https://www.jstor.org/stable/44259586?seq=1#metadata_info_tab_contents

Music from Epidemic Sound. 

Find me on Twitter @bkrewind
Find me on Patreon https://www.patreon.com/bkrewind","['sandra bullock', 'the blind side', 'white savior', 'meryl streep', 'oscars', 'best actress', '2010', '2009', 'the proposal', 'julie and julia', 'precious', 'gabourey sidibe', 'carey mulligan', 'an education', 'helen mirren', 'academy awards', 'michael oher', 'leigh anne tuohy']",2019-06-13 18:34:15+00:00,570741,20445,2513,PT18M35S,hd,1115,Thursday,18
HkKTllMa2_M,Be Kind Rewind,"Ginger Rogers, Katharine Hepburn, and the 1941 Oscars","They both started on the stage. Both dated Howard Hughes. Both became famous at RKO. Both starred in movies that take place in Philadelphia. Ginger Rogers and Katharine Hepburn often met the same milestones, despite taking wildly different paths. In this video, I mirror their journeys to show how they shared a determination that made them legendary. 

Music from Epidemic Sound. 

Find me on Twitter @bkrewind
Find me on Patreon https://www.patreon.com/bkrewind","['ginger rogers', 'katharine hepburn', 'oscars', 'academy awards', 'bette davis', 'martha scott', 'rebecca', 'joan fontaine', 'kitty foyle', 'the philadelphia story', 'the letter', 'our town', 'stage door', '1941', '1941 oscars', 'best actress', 'hollywood history']",2019-05-23 03:23:50+00:00,368695,7990,911,PT21M34S,hd,1294,Thursday,17
SbA4NkKUX2g,Be Kind Rewind,Why Do We Love Meryl Streep?,"Meryl Streep is frequently called the greatest actress of her generation. She's a box office queen with more Oscar nominations than any other actor. What is it about her that is so great and how did she do it?

Music from Epidemic Sound. 

Find me on Twitter @bkrewind
Find me on Patreon https://www.patreon.com/bkrewind","['meryl streep', 'best actress', 'oscar', 'academy awards', ""sophie's choice"", 'iron lady', 'postcards from the edge', 'plenty', 'kramer vs. kramer', 'the devil wears prada', 'jane fonda', 'diane keaton', 'mamma mia', 'theater', 'she devil', 'death becomes her', 'the bridges of madison county', 'don gummer', 'red carpet', 'meryl streep interview', 'august osage county', 'oscar nomination', 'debbie reynolds', 'actress', ""the french lieutenant's woman"", ""it's complicated"", '2012', '1983', '1979']",2019-04-26 14:21:04+00:00,423809,14043,1703,PT20M3S,hd,1203,Friday,29
FGsLhDFDmIs,Be Kind Rewind,The History of How We Watch Movies,"There are more places to watch movies than ever! In this video, I outline how we got to this point, from Supreme Court decisions, to the rise of television, streaming services, and beyond!

My good friend Olivia helped me out with animations for this video. Check her out: olivia-kingsley.com

Music from Epidemic Sound. 

Find me on Twitter @bkrewind
Find me on Patreon https://www.patreon.com/bkrewind","['netflix', 'hulu', 'amazon', 'apple', 'tv+', 'disney+', 'us vs. paramount', 'streaming', 'be kind rewind', 'how we watch movies', 'history', 'film', 'tv', 'i love lucy', 'gunga din', 'rko', 'mgm', 'paramount', 'paramount decrees']",2019-04-01 01:00:03+00:00,87386,4469,363,PT16M7S,hd,967,Monday,19
OI5QwWphDM8,Be Kind Rewind,A Best Actress 2019 Hot Take,"Olivia Colman won the Best Actress Oscar for The Favourite! People (including myself) thought this was an upset, so I thought I'd put in my two cents on the matter. Here's a little bit of a less formal take on how I think all this happened. 

Find me on Twitter @bkrewind
Find me on Patreon https://www.patreon.com/user?u=14743258","['olivia colman', 'best actress', 'oscars', 'academy awards', 'glenn close', 'the favourite', 'the wife', 'melissa mccarthy', 'can you ever forgive me', 'lady gaga', 'a star is born', 'yalitza aparicio', 'roma', '2019']",2019-03-04 01:46:56+00:00,378343,9104,1190,PT10M11S,hd,611,Monday,14
qEberAZhZy4,Be Kind Rewind,#OscarsSoWhite and The Legacy of Halle Berry,"In 2002 Halle Berry became the first and so far only woman of color to win the Best Actress Oscar. This video examines why it took so long and the legacy of Halle’s win as it relates to actresses today. 

For more on this topic, I recommend reading Kelli Carter Jackson, Crystal Keels, Edward Mapp, Audrey McClusky, and Thomas Doherty - all of whom have work that was instrumental to this video. 

I'm here: https://twitter.com/bkrewind

I will be writing about things I had to cut for my patrons, so consider a dollar if you can: https://www.patreon.com/user?u=14743258","['halle berry', 'best actress', 'oscarssowhite', ""monster's ball"", 'hattie mcdaniel', 'whoopi goldberg', 'nina mae mckinney', 'gone with the wind', 'the color purple', 'academy awards', 'oscars', 'interview', '2002', '2001', 'dorothy dandridge', 'carmen jones', 'woc', 'diversity', 'hollywood']",2019-02-18 22:28:10+00:00,413916,14451,2103,PT18M44S,hd,1124,Monday,19
6tihITlPAn4,Be Kind Rewind,Harvey Weinstein and the Oscars: How Gwyneth and Shakespeare in Love Won,"In this video I talk about Harvey Weinstein's legacy at the Oscars and use Shakespeare in Love/Gwyneth Paltrow's wins as a case study for his strategy. I also talk about why he sucks. 

Subscribe if you'd like to see more like this. 

I'm here: https://twitter.com/bkrewind

I will be writing about things I had to cut for my patrons, so consider a dollar if you can: https://www.patreon.com/user?u=14743258

Thank you for the thumbnail, Cody.","['harvey weinstein', 'gwyneth paltrow', 'shakespeare in love', 'saving private ryan', '1999', '1998', 'best actress', 'best picture', 'cate blanchett', 'elizabeth', 'oscars', 'academy awards', 'the english patient', 'be kind rewind', 'miramax', 'dreamworks', 'steven spielberg', 'fernanda montenegro', 'meryl streep']",2019-01-16 18:45:40+00:00,1810343,32724,7419,PT18M57S,hd,1137,Wednesday,19
unqQM3nuO-o,Be Kind Rewind,"Mary Poppins, Eliza Doolittle, and Julie Andrews' Oscar","Julie Andrews originated the role of Eliza Doolittle in My Fair Lady on Broadway, but wasn't cast in the film adaptation. Audrey Hepburn, who ended up playing Eliza, caused a scandal when it was revealed that she didn't sing her own songs. In this video, I walk you through this whole situation and explain how it resulted in Julie's Oscar. 

Subscribe if you'd like to see more like this. 

I'm here: https://twitter.com/bkrewind

I will be writing about things I had to cut for my patrons, so consider a dollar if you can: https://www.patreon.com/user?u=14743258","['julie andrews', 'mary poppins', 'best actress', '1965', '1964', 'my fair lady', 'audrey hepburn', 'jack warner', 'eliza doolittle', 'academy awards', 'oscar', 'interview', 'rex harrison']",2018-12-13 20:15:20+00:00,976508,15815,1697,PT18M1S,hd,1081,Thursday,13
x1b1HkWF5VA,Be Kind Rewind,Joan Crawford Wins Best Actress For Mildred Pierce | 1946,"In 1946, Joan Crawford won an Oscar for Mildred Pierce after leaving her home of nearly 20 years, MGM. In this video I explain the evolution of her persona, her relationship to the studio system, and why her Oscar is a great comeback story. 

Subscribe if you'd like to see more like this. 

I'm here: https://twitter.com/bkrewind

If you're interested in learning more about the info in this video, consider my Patreon! I will be writing about a lot of things I had to cut and providing more BTS info: https://www.patreon.com/user?u=14743258","['joan crawford', 'oscar', 'best actress', 'mildred pierce', 'joan crawford interview', 'mgm', 'bette davis', 'feud', 'mommie dearest', 'eyebrows', 'daisy kenyon', 'whatever happened to baby jane', 'greer garson', 'ingrid bergman', 'grand hotel', 'essay', '1946', 'sadie mckee', 'possessed', 'humoresque', 'the great depression', '1930s', '1940s', 'academy awards']",2018-11-20 01:46:51+00:00,373125,8068,979,PT16M4S,hd,964,Tuesday,24
r5ly_iAmEOE,Be Kind Rewind,How Barbra Streisand and Katharine Hepburn Tied for Best Actress,"In 1969, Barbra Streisand and Katharine Hepburn received the exact same number of votes for Best Actress. In this video, I give you some reasons why. 

Subscribe if you'd like to see more like this. 

I'm here: https://twitter.com/bkrewind

https://www.patreon.com/user?u=14743258","['katharine hepburn oscar', 'barbra streisand oscar', 'academy awards', 'katharine hepburn', 'barbra streisand', 'funny girl', 'best actress', 'oscar', 'the lion in winter', '1969', 'interview', 'patricia neal', 'joanne woodward', 'gregory peck', 'vanessa redgrave', 'barbra streisand katharine hepburn tie', 'musicals', ""peter o'toole""]",2018-10-27 22:49:53+00:00,588030,11767,1186,PT15M22S,hd,922,Saturday,18
akaPSGMi03k,Be Kind Rewind,Comparing Every Version of A Star Is Born,"I took a look at each version of A Star Is Born and what they say about our cultural and cinematic history. 

Check out my channel for more. 

Also I highly recommend Ron Haver's book if you're into production history: https://www.amazon.com/Star-Born-Making-Movie-Restoration/dp/1557835632

I'm here: https://twitter.com/bkrewind

https://www.patreon.com/user?u=14743258","['lady gaga a star is born', 'a star is born', 'bradley cooper', '2018', 'musicals', 'judy garland', 'barbra streisand', 'janet gaynor', 'frederic march', 'kris kristofferson', 'james mason', 'a star is born oscars', 'the man that got away', 'evergreen', '1954', '1937', '1976', 'lady gaga', 'stefani germanotta', 'esther blodgett', 'norman maine', 'ally', 'hollywood']",2018-10-06 19:12:24+00:00,2604287,48996,4104,PT18M9S,hd,1089,Saturday,23
VDexnoeGEr4,Be Kind Rewind,1979 | Jane Fonda Wins Best Actress for Coming Home,"In 1979 Jane Fonda won the Best Actress Oscar after a few years away from Hollywood. In this video I talk about how she rehabilitated her image after the Hanoi Jane incident and how Coming Home is an extension of her activism.

I'm here: https://twitter.com/bkrewind

https://www.patreon.com/user?u=14743258","['jane fonda', 'jane fonda interview', 'jane fonda best actress', 'oscar', 'academy awards', 'best actress oscar', 'coming home', '1979', '1972', 'klute', ""they shoot horses don't they"", 'hbo', 'barbarella', 'hanoi jane', 'vietnam', 'richard nixon', 'the deer hunter', 'geraldine page', 'ellen burstyn', 'ingrid bergman', 'jill clayburgh', 'an unmarried woman', 'autumn sonata', 'interiors', 'henry fonda']",2018-09-24 02:45:07+00:00,195329,4817,536,PT14M1S,hd,841,Monday,25
1aCgkHVUOgE,Be Kind Rewind,1936 | Bette Davis Wins A Consolation Oscar,"In 1936, Bette won her first Best Actress Oscar for ""Dangerous."" Except the award wasn't REALLY for ""Dangerous."" In this video, I tell you why! 

I'm here: https://twitter.com/bkrewind

https://www.patreon.com/user?u=14743258","['bette davis', 'bette davis interview', 'bette davis oscar', '1935', '1936', 'dangerous', 'it happened one night', 'best actress oscar', 'academy awards', 'of human bondage', 'claudette colbert', 'katharine hepburn', 'alice adams', 'oscars 1936', 'sag', 'screen actors guild', 'hollywood 1930s']",2018-08-31 00:45:22+00:00,240394,5142,457,PT11M16S,hd,676,Friday,17
zDBXKP6L9iY,Be Kind Rewind,1955 | Grace Kelly Defeats Judy Garland for Best Actress,"In 1955 Grace Kelly surprised everyone by winning the Best Actress Oscar over Judy Garland. In this video, I contrast Judy and Grace’s reputations to show why this upset occurred. 

Sidenote: Sorry about my mic blowing out!!

I'll be posting a video for EVERY Best Actress Oscar, so be sure to subscribe to my channel. Follow me on Twitter for more information and extra clips/info about each of the episodes!

I'm here: https://twitter.com/bkrewind

https://www.patreon.com/user?u=14743258","['grace kelly', 'grace kelly oscar', 'oscars', 'academy awards', 'judy garland', 'a star is born', 'the country girl', '1954', '1955', '1954 oscars', 'judy garland a star is born', 'grace kelly wins oscar', 'rear window', 'dial m for murder', 'film history', 'judy garland the man that got away', 'video essay', 'best actress']",2018-08-07 22:22:21+00:00,478548,10467,1187,PT14M3S,hd,843,Tuesday,18
U1sSiXC_S2c,Be Kind Rewind,1988 | Cher Wins Best Actress For Moonstruck,"In 1988, Cher won the Best Actress Oscar for Moonstruck over Meryl Streep, Glenn Close, Holly Hunter, and Sally Kirkland, cementing her place as one of the greatest pop culture icons of all time. In this video, I discuss her professional journey and how it ultimately culminated in an Oscar.

I'm here: https://twitter.com/bkrewind

https://www.patreon.com/user?u=14743258","['cher', 'moonstruck', 'cher best actress', 'cher oscar', 'oscar', 'academy awards', 'meryl streep', 'silkwood', 'ironweed', 'glenn close', 'fatal attraction', 'cher interview', 'sally kirkland', 'anna', '1988', '1987', 'Holly hunter', 'broadcast news', 'sonny and cher']",2018-07-19 00:50:10+00:00,305406,7396,761,PT14M21S,hd,861,Thursday,19
YFcJlFy53B4,Be Kind Rewind,How Luise Rainer Won Two Oscars In A Row,"In 1938, Luise Rainer became the first actor to ever win consecutive Academy Awards. In this episode I explain how she benefited from the studio system, how freelancing disadvantaged her opponents, and how white privilege influenced the casting of The Good Earth. 

I'll be posting a video for EVERY Best Actress Oscar, so be sure to subscribe to my channel and follow me on Twitter.

I'm here: https://twitter.com/bkrewind

https://www.patreon.com/user?u=14743258","['luise rainer', 'oscars', 'academy awards', 'best actress oscar', 'how luise rainer won', 'greta garbo', 'barbara stanwyck', 'janet gaynor', 'the good earth', 'stella dallas', 'camille', '1938', '1937', 'irene dunne', 'the awful truth', 'a star is born', 'anna may wong', 'mgm', 'louis b mayer', 'best actress', 'film history']",2018-05-01 18:46:07+00:00,173511,3761,605,PT12M36S,hd,756,Tuesday,21
4N_wK71wIBI,Be Kind Rewind,Best Actress 1961: Elizabeth Taylor wins for Butterfield 8,"Learn how a brush with death may have won Elizabeth Taylor her first Oscar in 1961!

I'll be posting a video for EVERY Best Actress Oscar, so be sure to subscribe to my channel and follow me on Twitter.

https://twitter.com/bkrewind","['elizabeth Taylor', 'oscar', 'academy award', 'best actress', '1961', 'butterfield 8', 'shirley maclaine', 'the apartment', 'cleopatra', 'eddie fisher', 'debbie reynolds', 'best actress oscar', 'hollywood', 'classic movies', 'cat on a hot tin roof', 'elizabeth taylor interview']",2018-04-15 14:42:06+00:00,190283,4204,453,PT10M44S,hd,644,Sunday,16
#NAME?,Be Kind Rewind,Best Actress 1973: Liza Minnelli wins for Cabaret,"In 1973, Liza won her Oscar for portraying Sally Bowles. While she had history on her side (in addition to her great performance), the other nominees had history working against them. 

I'll be posting a video for EVERY Best Actress Oscar, so be sure to subscribe to my channel and follow me on Twitter.

I'm here: https://twitter.com/bkrewind

https://www.patreon.com/user?u=14743258","['Liza Minnelli', 'Cabaret', 'Oscars', 'Best Actress', '1973', '1972', 'Best Actress Oscar', 'Academy Awards', 'maggie smith', 'cicely tyson', 'diana ross', 'liv ullmann', 'the emigrants', 'sounder', 'travels with my aunt', 'the lady sings the blues', 'judy garland', 'vincent minnelli', 'bob fosse', 'film', 'film essay', 'movies', 'hollywood', 'classic hollywood', 'movie musicals', 'musicals']",2018-03-25 17:37:38+00:00,326459,6947,814,PT11M19S,hd,679,Sunday,26
DJxKR_CA93c,Be Kind Rewind,Best Actress 1943: Greer Garson Galvanizes A Nation,"In this episode, I talk about the cultural impact of Mrs. Miniver, Hollywood's response to WWII, and how Greer Garson owned the 1940s. 

I'll be posting a video for EVERY Best Actress Oscar, so be sure to subscribe to my channel and follow me on Twitter.

https://twitter.com/bkrewind","['greer garson', 'best actress', 'oscars', 'the academy awards', 'best actress oscar', 'mrs. miniver', 'katharine hepburn', 'bette davis', 'rosalind russell', 'barbara stanwyck', 'carole lombard', 'hollywood', 'classic hollywood', 'golden age', '1943', 'wwii']",2018-03-04 06:05:45+00:00,129440,2948,191,PT10M49S,hd,649,Sunday,16
YoFwDiLwtQk,Be Kind Rewind,Best Actress 1980: Sally Field - From Flying Nun to Oscar Winner,"In this episode, I explore Sally Field's journey from Flying Nun to Oscar Winner, the stigma against tv that made her win unlikely, and the bold storyline of Norma Rae. 

I'll be posting a video for EVERY Best Actress Oscar, so be sure to subscribe to my channel and follow me on Twitter.

https://twitter.com/bkrewind","['best actress', 'oscars', 'academy awards', 'sally field', 'norma rae', '1980', 'best actress 1980', 'movies', 'hollywood', 'jill clayburgh', 'starting over', 'jane fonda', 'the china syndrome', 'marsha mason', 'chapter two', 'bette midler', 'the rose', 'the flying nun', 'gidget', 'tv']",2018-02-19 18:28:49+00:00,185983,4188,294,PT10M20S,hd,620,Monday,20
Ym0nZnHU_m0,Be Kind Rewind,Best Actress 1992: Jodie Foster in The Silence of the Lambs,"Three iconic feminist characters competed for the 1992 Best Actress Oscar: Clarice Starling, Thelma, and Louise. In this video, I talk about why Jodie Foster won for The Silence Of The Lambs and how the critical reception of Thelma and Louise may have affected Geena Davis and Susan Sarandon's shot at the prize. 

I'll be posting a video for EVERY Best Actress Oscar, so be sure to subscribe to my channel and follow me on Twitter.

https://twitter.com/bkrewind","['Best Actress', 'Oscars', 'Academy Awards', 'Jodie Foster', 'the silence of the lambs', 'geena davis', 'thelma and louise', 'susan sarandon', '1992', 'oscars 1992', 'hollywood', 'awards season', 'classic movies', 'hannibal', 'jonathan demme', 'bette midler', 'laura dern', 'actress', 'movies', 'film studies', 'feminism', 'janet maslin', 'roger ebert', 'film criticism']",2018-02-01 03:54:56+00:00,251302,7513,560,PT10M12S,hd,612,Thursday,24
f_HvsWoxwCU,Be Kind Rewind,Best Actress 1947: Olivia de Havilland Fights Back,"In 1947, Olivia de Havilland conquered the studio system and bested her rival, Joan Fontaine, by winning her first Oscar. In this video, I tell you how that happened. 

I also talk a bit about some huge snubs that year: why the Academy was less likely to pick them and what it says about Hollywood in the 1940s. 

I'll be posting a video for EVERY Best Actress Oscar, so be sure to subscribe to my channel and follow me on Twitter.

Showpage:
https://twitter.com/bkrewind","['Oscars', 'Academy Awards', 'Olivia de Havilland', 'movies', 'Best Actress', 'Actress', 'joan fontaine', 'celia johnson', 'brief encounter', 'to each his own', '1946', '1947', 'myrna loy', 'the best years of our lives', 'gilda', 'rita hayworth', 'barbara stanwyck', 'the strange love of martha ivers', 'humoresque', 'joan crawford', 'suspicion', 'duel in the sun', 'jennifer jones', 'jane wyman', 'the yearling', 'rosalind russell', 'sister kenny', 'the heiress', 'best actress oscar 1947', 'be kind rewind', 'film noir', 'film', 'oscars 1947']",2018-01-19 19:16:16+00:00,268048,4894,519,PT10M50S,hd,650,Friday,33
DVWY6VyYvOQ,Be Kind Rewind,"The Doppelgänger Motif in ""A Stolen Life""","In this video, I discuss how 1946's A Stolen Life, starring Bette Davis, utilized the doppelgänger motif to highlight societal values of the time. 

If you'd like to know more about the doppelgänger motif as it applies to women in film, please check out ""A Woman's View"" by Jeanine Basinger. It's excellent and was the basis for this video. It's on Amazon here: https://www.amazon.com/Womans-View-Hollywood-Spoke-1930-1960/dp/0819562912/ref=asap_bc?ie=UTF8

If you'd like to watch A Stolen Life you can rent it on YouTube here: https://www.youtube.com/watch?v=yMP7g0vYXHw

Finally - if you like what you see here, subscribe! *Hopefully* I can bring you more content like this in the future. 

--- I do not own any of this content. I've collected these photographs purely for educational purposes. ---","['iMovie', 'Bette Davis', 'Glenn Ford', 'A Stolen Life', 'Film', 'Movies', 'Cinema', 'Cinema Studies', 'The Doppelganger Motif', '1946', 'Curtis Bernhardt', 'Olivia DeHavilland', 'Dark Mirror', 'Film Studies', 'Classic Hollywood', 'Old Hollywood', 'The Golden Age', 'The Doppelgänger Motif in A St']",2018-01-09 02:57:24+00:00,83333,3192,214,PT10M38S,hd,638,Tuesday,18
